,filename,label
0,small-conference1.jpg,0
1,efe.jpg,0
2,fire.jpg,1
3,flathead-lake-montana-8.jpg,0
4,9129708.jpg,0
5,289259543-business-meeting-salle-de-conference-discuter-debattre-collegues.jpg,0
6,norway___view_of_the_geiranger_by_agivega.jpg,0
7,potd01083110.jpg,0
8,Open-plan-office-2.jpg,0
9,f16-small-meeting-roompost.jpg,0
10,iyyt.jpg,0
11,Conference_Room_CHENG_Ze.jpg,0
12,dad00d78-c771-4a5f-9dcd-7be5814a7e7f.1.10.jpg,0
13,ask-history-who-built-the-first-automobile-464493489-E.jpeg,0
14,messy-office-space.jpg,0
15,sweden-landscape-wallpaper-1-1280x500.jpg,0
16,723438-norway-memorial.jpg,0
17,thiet-ke-san-vuon-biet-thu-14.JPG,0
18,Beautiful-Morrocan-style-for-bedroom-design-2-530x424.jpg,0
19,fe4d6738c20d6063f34637ed6b56228e.jpg,0
20,dalen-i-telemark.jpg,0
21,2853723335_44fdafb8fa_o.jpg,1
22,aes7.jpg,0
23,1010212.jpg,0
24,phuket-bus-station.jpg,0
25,f301e43bcd7a738afc1f7926ced876da.jpg,0
26,9_2_14_Andrea_Mexico_trash_1050_788_s_c1_c_c.jpg,1
27,ebc22de83a24c73fe9a363709c702e41.jpg,1
28,norway_streets.jpg,0
29,open-plan-office-with-people.jpg,0
30,virgo-grand-central-meeting-room-800.jpg,0
31,Hero_O365ForBusiness_1920x560.jpg,0
32,european-room-denver-2.jpg,0
33,3028310B00000578-3398915-image-a-2_1452764691811.jpg,0
34,1411579788990_wps_176_Pictures_by_Pal_Jakobsen_.jpg,0
35,2-640x400.jpg,0
36,Bedroom-fire-test-2-mins-1024x553.png,1
37,Christmas-Tree-Fire-Safety.jpg,1
38,wildfire4.jpg,1
39,8f4eaec213662be924ae9e7a99d20b11.jpg,0
40,156ddbd4bb2536343afe883a9ad11b5d.jpg,0
41,sunset24.jpg,0
42,wildfires cover_20161118150911007_6627016_ver1.0_640_360.jpg,1
43,90713_Wichman_FIre_004A.jpg,1
44,43c82e58f5cfdb1e3483be00a9720684.jpg,0
45,Narita_International_Airport_Terminal_2_counters_(1).JPG,0
46,ce17da98fd0525cbe7ea1816b90fe4d9.jpg,0
47,DSCN1146-600x350.jpg,0
48,amazing-modern-living-room-design-with-white-brown-walls.jpg,0
49,pic_The-conference-room-Sits-up-to-35-people_577093_large.jpg,0
50,952111662014LEUDLAV.jpg.png,0
51,012038.jpg,0
52,oslo t07.JPG,0
53,1d797f4e7f3a3ba45ac26472b19afa0e.jpg,1
54,IMG_0285.jpg,0
55,cool-home-office-ideas-and-get-inspired-to-redecorate-your-Home-Office-with-these-decorative-Home-Office-ideas-1.jpg,0
56,oslo t01.JPG,0
57,11_10_19-mjs_ft_hotel-fire_19183862.jpg,1
58,201307-restroom-fire-safety-fire1.jpg,1
59,mr_00098143.jpg,0
60,success_78_pic_02.jpg,0
61,warm-tech-living-room.jpg,0
62,19496.jpg,0
63,Scandic-Grimstad-Exterior-surroundings.jpg,0
64,crowne-plaza-rome-4393591168-4x3.jpg,0
65,Parish-Council-Annual-Meeting-2012.jpg,0
66,a-fairly-typical-open-office.jpg,0
67,atlantic-ocean-road-norway.jpg,0
68,PriceLake.jpg,0
69,patagonia-and-atacama-national-geographic.jpg,0
70,white-and-orange-living-and-dining-room.jpg,0
71,How-to-Set-a-Living-Room-on-Fire-with-VFX-in-4K.Still002.jpg,1
72,Gingerbread_House_Essex_CT.jpg,0
73,Haikou Mingguang hotel_deluxe room.jpg,0
74,bn-0.jpg,0
75,salle-de-bains-amenagement-69157893.jpg,0
76,gallery-1428596092-home-sweet-home-living-room-0515.jpg,0
77,FIR_LKC_ART_01_Detectingfire_bedroomfire.jpg,1
78,black-and-beige-room.jpg,0
79,Farah-Conference-Room.jpg,0
80,2-HootSuite-blog-0534.jpg,0
81,76e108150890ac29_6362-w500-h400-b0-p0--traditional-family-room.jpg,0
82,working-in-office.png,0
83,girl-on-fire-01.jpg,1
84,tumblr_nhcrcizCaH1ty53xvo1_1280.jpg,0
85,2012-ferarri-f12-berlinetta.jpg,0
86,virgo-penn-station-new-yorker-room-800.jpg,0
87,fire1.jpg,1
88,348s.jpg,0
89,nord.jpg,0
90,1444.jpg,0
91,813e6b10-848b-478e-a471-480f14eeb271.1.10.jpg,0
92,14.jpg,0
93,wildfire-coverage-521x308.jpg,1
94,b4d7b6e907c47ebb74058bac9d1953f1d138cb43b660420e4e42037915b11720.jpg,0
95,2CDDD98D00000578-3246257-image-a-30_1443454943645.jpg,1
96,best_western_mornington_hotel_london.jpg,0
97,bcws-carousel-2.jpg,1
98,small7_main-street.jpg,0
99,cheap-backyard-landscaping-ideas-pictures.jpg,0
100,norway-landscape-photography-scandinavian-nature-1.jpg,0
101,49-Great-Room-Design3.jpg,0
102,maxresdefault6.jpg,1
103,5.jpg,0
104,jan-2011-free-oslo_27226_600x450.jpg,0
105,Adamsafter.jpg,0
106,s3.reutersmedia.net.jpg,1
107,Perfect-Red-And-Gold-Rooms-45-With-Additional-with-Red-And-Gold-Rooms.jpg,0
108,1ea2139c58e480cf9d31d8412aafc2e3.jpg,0
109,Lappis_gkok-1024x681.jpg,0
110,plates-on-wall-cottage-living-room.jpg,0
111,office-fire_650_022415022412.jpg,1
112,4.jpg,0
113,dsc_01001.jpg,1
114,tumblr_inline_nj85l1oMaC1t5js1c.jpg,0
115,281249_maroko-atlas-afp_f.jpg,0
116,Kristiansund_Atlanticrd_740.jpg,0
117,4205c7bf872ff65b5569a54616e7fc4b.jpg,0
118,ist_ataturk_08_0116_2.jpg,0
119,Northern-Lights-over-Tromso-Troms-Northern-Norway_911507f0-262b-4cac-921c-eb71dbc3466e.jpg,0
120,room1212.jpg,0
121,burning-charcoal-briquettes-closeup-14552988.jpg,1
122,maxresdefault24.jpg,1
123,080502-AirportsHong Kong.grid-6x2.jpg,0
124,HX_meetingroom_9_425x303_FitToBoxSmallDimension_Center.jpg,0
125,a62fdb68649fa65f41872c01a058bd58.jpg,0
126,office-05.jpg,0
127,dizain-na-osvetlenieto4.jpg,0
128,Gullivers-0840-small-8c1235a8.png,0
129,0.07180100_1442390923_.jpg,0
130,bfed338d24.jpg,0
131,grimstad gaagate 02.jpg,0
132,room.jpg,0
133,living-room-large-big-interior-design-2.jpg,0
134,Interior Design Ideas (3).jpg,0
135,vance_ehmke_burning_farm_house_563cd154cf002.image_.jpg,1
136,05e4f__Leshan-Giant-Buddha-China.jpg,0
137,article-0-15CB7791000005DC-25_634x497.jpg,0
138,romantic-bedrooms-bedrooms-and-red-color-schemes-on-pinterest-classic-bedroom-colors-red-768x511.jpg,0
139,New-York-Automobile-Show.jpg,0
140,images.jpg,1
141,house5.jpg,0
142,meetings.jpg,0
143,Lofoten-islands-Norway-are-known-for-white-sand-beaches-and-vertical-Granite-fjords..-But-most-of-al.jpg,0
144,Ramadan-Decorations-Jerusalem.jpg,0
145,slide_16575_230449_free.jpg,0
146,ThinkstockPhotos-505230568-540x359.jpg,0
147,DSC5740_HDR-blog-1600px.jpg,0
148,the_norwegian_national_opera_ballet_oslo_norway_2_1_516d1910-7fb8-4b87-8670-c1288f824cf0.jpg,0
149,sunset-palms.jpg,0
150,ar12811389210669.jpg,0
151,7ad3fe1d3bd5970e6ed98d5cfc0b5c08.jpg,0
152,plot-projects-overview-big_image_url-1403254458.jpg,0
153,Wesleyan_University_-_Russell_House_at_night_01.jpg,0
154,4edcf7037ce106b5bc300f99ef671a91_936_425.jpg,0
155,supermarket-1200x800-1024x682.jpg,0
156,great-spot-absolutely.jpg,0
157,room6_450_reload.jpg,0
158,f90f62c721068418828c0d99b5d892d0.jpg,0
159,tumblr_nyrywkyp4Y1tql859o1_1280.jpg,0
160,1f5cc65c_original.jpg,0
161,500_F_128074665_71JRncSY29Pdumr6kt8sPLYvByWxeWXc.jpg,0
162,contemporary-family-room.jpg,0
163,Still1115_00000_1479245056445_7039374_ver1.0.jpg,1
164,98282906.jpg,0
165,p1170311.jpg,0
166,25A072C400000578-2951223-image-a-15_1423799067621.jpg,1
167,d00cc0fe53897ff01f30eba713ac8ef0.jpg,1
168,w300x200.jpg,0
169,5983c29594905fdd0be9d691c036c90b0603f68d.jpg,0
170,Liberia-terminal_newsfull_h.jpg,0
171,Furmanek_blue010_3463757c.jpg,0
172,6-beautiful-ice-caves-patagonia-5.jpg,0
173,cdnassets.hw.net.jpg,0
174,narrow-shopping-street-in-macau-china-ae1twt.jpg,0
175,atlantic-road-norway-6.jpg,0
176,AAEAAQAAAAAAAAjsAAAAJGFlM2QxZTU2LTJjNTEtNGY5OC04OWFhLTgwODA3OTBiN2ZkNA.jpg,0
177,636183447534012101-DSC-2429.jpg,0
178,khon_kaen_photo_36.jpg,0
179,dubai-airport2.jpg,0
180,157_TypicalOffice-1024x881.jpg,0
181,quilotoa.jpg,0
182,360px-Greenmountains.jpg,0
183,rs-237211-GettyImages-53372022.jpg,1
184,y5IQiH.jpg,0
185,1truck_web.jpg,0
186,Glamorous-Living-Room-Decor-Ideas-with-Crystalist-Chandelier-Lightings-Furnished-with-White-Sofa-and-Chair-plus-White-Table-and-Round-Ottoman-on-Thick-Rug.jpg,0
187,_91753989_capture.jpg,1
188,homeland-stavanger-wooden.jpg,0
189,400c4254c626f0c30cdac33547ec8693_original.jpg,0
190,case_study_large_image_182_large.jpg,0
191,rooms-hotel-tbilisi-suite-bed-and-bathtub-city-view-a-01-x2.jpg,0
192,54ff8227d6954-living-room-gold-orange-xln.jpg,0
193,atlantic-ocean-road62.jpg,0
194,seminar-05.jpg,0
195,f0e56866db7a2b2b7ce8fb1c6fa9a6c1bf6d951b443cec372c0f7fed6bbdb947.jpg,0
196,EP-151129597.jpg&MaxW=960&imageVersion=default&NCS_modified=20151124094359.jpg,1
197,45d893bb4a9e15e3ea7aab81ec783e7c.jpg,0
198,csm_Norwegen-Slider-1-WEB_481d92d85e.jpg,0
199,Lofoten-800px-Raftsundet_from_Raftsund_Bridge_2010_September.jpg,0
200,Supermarket_z_flagami_(ubt).JPG,0
201,b3ba28f17af4917649fe0c08bc523922.jpg,0
202,Christmas-Street-Stockholm.jpg,0
203,32313rwev.jpg,1
204,90420_Ritter_Fire_A_031.jpg,1
205,norway-landscape-photography-scandinavian-nature-4.jpg,0
206,rome-11oct22-5362_med.jpeg,0
207,la-airport-1024x758.jpg,0
208,8679c62af3-lavvuliv.jpg-for-web-normal.jpg,1
209,800px-Fires_cross_a_hill_in_SoCal_October_2007.jpg,1
210,sonnenuntergang-am-lake.jpg,0
211,skyline-midnight-sun-bodo-norway-2-1_99eca994-01e7-47b1-a370-b551d6f53552.jpg,0
212,canada-wildfire.jpg,1
213,city_streets2_800.JPG,0
214,thumb_TTQG.jpg,0
215,blue-ice-throstur-1.jpg,0
216,bce8306b7c28fd808d52e831260b194b.jpg,0
217,JEs238e.jpg,0
218,DSC_0191.JPG,0
219,grimstad_panorama.jpg,0
220,65c288db48faa04662a56deb59a8db1c.jpg,0
221,bus-fire.jpg,1
222,office-cctv-cameras-400x2661.jpg,0
223,2332.jpg,0
224,s4.reutersmedia.net.jpg,1
225,22ffsfg.jpg,0
226,image_update_img.jpg,1
227,8ad01fe9c81a663751883dae687bd8e0.jpg,0
228,36701_133427340015458_133421316682727_259449_2221369_n.jpg,0
229,sunset_sky_2_by_manichysteriastock-d3bjiec1.jpg,0
230,080417_4706.jpg,0
231,norway-gamle-bergen-museum.jpg,0
232,Meeting room with people.jpg,0
233,20160711044639758.jpg,0
234,office-conference-room-design-ideas_354725.jpg,0
235,c77e354d46f7e8cc7babe8fdf8f93c76.jpg,0
236,Scandic-Grimstad-Exterior-facade001.jpg,0
237,theoffice3.jpg,0
238,aggiecrk-wildfire-07072015-usfs-580.jpg,1
239,visa_requirements_for_norway-56e03f4b96539.jpg,0
240,700c959d9d4a1ae442592fceac6cb42eb915eca669fbd988bce10911a32f6253.jpg,0
241,lister_schaffer.jpg,0
242,3453064b0e3bcfb44dfea8fee4159706.jpg,0
243,fire-featured.jpg,0
244,18-parade.jpg,0
245,large_mpceb_DeluxeTwinRoom.jpg,0
246,Gift_Shop_52.jpg,0
247,irodaikomfort.jpg,0
248,02-icehouse-louisiana-coworking-office.jpg,0
249,red_room_sml.jpg,0
250,mi-plage-hawai.jpg,0
251,08-Great Room.jpg,0
252,Christmas-shopping-at-Roros-norway_4df73061-0f32-4f3f-8d35-0f88fa121632.jpg,0
253,oslo-city.jpg,0
254,fire 22323.jpg,1
255,moving-green-mountains.jpg,0
256,hqdefaultsdfsdf.jpg,1
257,7bfa705a0e9058e8e33494bbe76a330c.jpg,0
258,removals-companies2.jpg,0
259,2_Norway-best-country-in-the-world.jpg,0
260,Lofoten-Norway-Northern-Lights-13.jpg,0
261,plages-a-la-montagne_1011303.jpg,0
262,SlackOffice1-640x427.jpg,0
263,095728210-b1281187-105e-40db-8fff-2f2d5091110a.jpg,0
264,california-palm.jpg,0
265,Input-Group-King's-Cross-St-Pancras-Travel-CCTV-Back-Office.jpg,0
266,LimeLightsDallas.812.jpg,0
267,office-googlereuse.jpg,0
268,wildfire_smoke_1280x720_6014533759.jpg,1
269,office3.jpg,0
270,COMEX-default.jpg,1
271,5f0cd5dd1c13b489e3740a141c679699.jpg,0
272,article-1389742-0E432C8C00000578-832_634x436.jpg,0
273,ES_execconfroom_6_712x342_FitToBoxSmallDimension_Center.jpg,0
274,main-qimg-f42d9fe3ea8e255dece2196f1e588ce0-c.jpg,0
275,smart-pillowcase-sofas-completee-living-room-witn-minimalist-charity.jpg,0
276,gazebo1.jpg,0
277,tree-fire.jpg,1
278,1526t.jpg,0
279,maxresdefault.jpg,0
280,Le-Meridien-Piccadilly--Club-Room.jpg,0
281,leshan_china_buddha.jpg,0
282,1.jpg,0
283,norway-northern-lights.jpg.adapt.945.1.jpg,0
284,G044.jpg,0
285,large-meeting-room.jpg,0
286,167713535.jpg,0
287,201504-connect-norway-horizontal-1b.jpg,0
288,small-room-medium.jpg,0
289,GGBR02024A.jpg,0
290,SverreHjornevik-FjordNorway.jpg,0
291,incendie-noel.jpg,1
292,65a10dc9e3ca143b6b8649191b81f665.wix_mp_1024.jpg,0
293,living-room-astounding-living-room-design-with-l-shaped-sofa-and-white-table-on-the-orange-rug-and-dark-floor-complete-with-brown-wicker-egg-chairs-also-fireplace-living-room-makeovers-ideas-936x701.jpg,0
294,images34.jpg,0
295,cph_virt2.jpg,0
296,3q4.jpg,0
297,bergen-norway-streets_11921_600x450.jpg,0
298,W1siZiIsInVwbG9hZHMvcGxhY2VfaW1hZ2VzL2YyNzI0MDQyMTM2NjFlYzUxNl8xNTAzMjAxNDQzODcuanBnIl0sWyJwIiwidGh1bWIiLCJ4MzkwPiJdLFsicCIsImNvbnZlcnQiLCItcXVhbGl0eSA5MSAtYXV0by1vcmllbnQiXV0.jpg,0
299,5724aaf0e4b00a870d466396_853x480_U_v1.jpg,0
300,tip-2-img-1.jpg,0
301,London-Office--tojpeg_1431338424080_x2.jpg,0
302,img31.jpg,0
303,Standard-single-1600x900.jpg,0
304,AAEAAQAAAAAAAAKvAAAAJDY3MzVhYTUwLTY2ODktNDY5NC1hYWZjLWE4MjZmYmY0NzU1ZA.jpg,0
305,office-9.jpg,0
306,Grand-Deluxe-Room-King-Bed-Big32201584154.jpg,0
307,fireplace-with-no-fire.jpg,0
308,image.aspx.jpg,0
309,2879429718_f6a88de41d_b.jpg,0
310,mps-conv-store-model2.jpg,0
311,13518571.jpg,1
312,3631119830_7be2edf6aa_z.jpg,0
313,142094477.jpg,0
314,attachment-image-1cfe3cc1-a2b6-402c-a50e-8436e4f7f3c2.jpg,0
315,polycom-conference-room-1.jpg,0
316,22eqf.jpg,1
317,eastern-europe-street-gr.jpg,0
318,Elagant-Office-Meeting-Room-Design.jpg,0
319,deluxe-room-02.jpg,0
320,CreativeOffice_3_LgLand.jpg,0
321,175822886.jpg,0
322,e20bdf8a3c4198fcb9b64ee003254f64.jpg,0
323,_91175853_a53933fd-a2e4-48aa-bbc5-735e4110cb0b.jpg,0
324,article-2018976-0D29840100000578-237_634x384.jpg,0
325,906a126cd675836e17f24837ff7ade1b.jpg,0
326,Late_model_Ford_Model_T.jpg,0
327,canvas-press_custom-wallpaper_conference_room.jpg,0
328,1200_ded3cdcfdca66b2fc57ee8d9bbc6c827.jpg,0
329,hotel.jpg,0
330,thumbnail.jpg,0
331,n36036_living_01.jpg,0
332,P1010074sm.jpg,0
333,Noorwegen 12.jpg,0
334,Sunset-Sky.png,0
335,vermont-tours-green-mountains.jpg,0
336,631b059038ae6882594cdcf2c733cee1.jpg,0
337,En-Route-Stuck-with-a-Cancelled-Flight-in-Hong-Kong-International-Airport-9426.jpg,0
338,Office-Space-Photo-Open-Design.jpg,0
339,unnamed.jpg,0
340,aeroport-francfort.jpg,0
341,coastal-norway-kirkefjorden-lofoten-island-peaks-615.jpg,0
342,house_fire.jpg,1
343,2015-Automobile-Magazine-All-Stars-627x416.png,0
344,a-golden-bedroom-with-a-feng-shui-glow.jpg,0
345,Sprint_Image_960x5281-900x495.jpg,0
346,Norway-Tromso-Northern-Lights-xlarge.jpg,0
347,0921231903.jpeg,0
348,vaerl-fron-toppen.jpg,0
349,Meeting room with people2.jpg,0
350,real-journeys-400x400x.jpg,0
351,o-WASHINGTON-FIRE-900.jpg,1
352,slide-201512-norway-06.jpg,0
353,Feng-Shui-your-Bedroom-98135424-web.jpg,0
354,tumblr_ohha8jH8dr1rs81xfo1_500.jpg,0
355,autumn-sunset-sky.jpg,0
356,690x380-Lake-Tahoe-Summer-Emerald-Bay.jpg,0
357,fire storm.jpg,1
358,llanelli-fire-red-room.jpg,0
359,MW-AU747_wolf_t_20120924164002_MG.jpg,0
360,23e90181fcef550cffae7c4ff77e566d.jpg,0
361,12.jpg,0
362,arnold-living-room-0515.jpg,0
363,RMS_Red-living-room_Creynolds_s4x3.jpg.rend.hgtvcom.616.462.jpeg,0
364,norway_memorial_26apr12-878x585.jpg,0
365,Multipurpose-home-office-design-with-unique-table-and-quartz-countertop.jpg,0
366,CM1.jpg,0
367,dark-red-living-room.jpg,0
368,Hot-in-Cleveland-house-at-night-front.jpg,0
369,15617910028_8d4c6b714c_b.jpg,0
370,385Springwater Trailer Resort.jpg,0
371,20bd07c102708fc2c1357735894fdac0.jpg,0
372,fairy-tale-viking-architecture-norway-8__880.jpg,0
373,New Picture (26).jpg,0
374,18 Petroglyphs Atlatl Rock.jpg,0
375,Bold-Red-Colors-Decoration-in-Modern-Teen-Bedrooms.jpg,0
376,20150930-Einzelzimmer.jpg,0
377,JB224_03_Colourful_christmas_table_setting_in_red_and_gold_with_roses_and_candlelight_and_christmas_tree.jpg,0
378,Tromso.-Photo-credits-Bard-Loken-Innovatioin-Norway-e1397066188664.jpg,0
379,10.jpg,0
380,ballroom2.jpg,0
381,111052980.jpg,0
382,Atlantic-Road-Norway-4.jpg,0
383,Helgeland-hiking-Rodoy-Norway-2-1_c3ea0777-bf05-4677-98ca-a6028c3d0564.jpg,0
384,atlantic-road-norway-4fv.jpg,0
385,20090804-Reine-Panorama.jpg,0
386,Warm-Bedroom-Design-590x420.jpg,0
387,Public-Office.jpg,0
388,img_4965_640x427.jpg,0
389,hd-mediaitemid19113-1996.jpg,0
390,officedsdg.jpg,0
391,thumb2-ledjanaja-pewera-reka-led-vechnye-ldy.jpg,0
392,simply-rooms-suites.jpg,0
393,Picture-014.jpg,0
394,maxresdefault23.jpg,1
395,156786897898.jpg,0
396,a5f17e0b3dd5ed56bf5744f600b5c28b.jpg,0
397,Problem-smoke-bedroom.jpg,0
398,maxresdefault.jpg,1
399,98314964.jpg,0
400,norway.jpg,0
401,Norway-Troms-Tromso-Panorama-view.jpg,0
402,room_image3324.jpg,0
403,fire-and-truck-desert-an-aerial-view-of-a-very-small-fire-on-the-side-of-a-road-in-a-rural-desert-landscape-a-green-tractor-stands-by-as-the-fire-burns_bdglz60p8__M0000.jpg,1
404,715d8b45abe42c92abd0c6549342507f.jpg,0
405,hotel-continental-marienbad-room-standard-10.jpg,0
406,ttthumb-505x200.jpg,0
407,8471644323_90981b7693.jpg,0
408,Birds Nest.jpg,0
409,grimstad gate 02.jpg,0
410,normal-home-living-room-denbesten-real-estate-bloomington-rooms-1602-bensington-master-bedroom.jpg,0
411,20150419EUROPEANSTREETS-slide-ID9Z-articleLarge.jpg,0
412,Living_Room_Camp_Fire.jpg,1
413,W020160510630506554070.jpg,0
414,f53d6194d2a38227e8ccbf91b42656c8.jpg,1
415,Hero_2007Upsell_1920x560.jpg,0
416,Office_of_the_Wikimedia_Foundation.jpg,0
417,California+Wildfires_Rob072616e+(1).jpg,1
418,telugu-desam-office-fire_0.jpg,1
419,29a74da6d3a8a4577a43d76b519128c1.jpg,0
420,82143-erYd3aYdaDFXh_ff3VC9MA.jpg,0
421,image1609390x.jpg,1
422,ryfylke_preikestolen_norway_tourist_attraction_forsand_a80257b5-f175-48d8-8e41-e60dbfa63d8d.jpg,0
423,1104525.jpg,0
424,red-house.png,0
425,dusk_756x350.jpg,0
426,Fjords of Norway.jpg,0
427,index.jpg,0
428,avtomobili-anketa-1.jpg,0
429,parkingdayLX-0382.jpg,0
430,158.jpg,0
431,4174776173_e8c26989cc_z.jpg,1
432,modern-landscape-design-14a.jpg,0
433,13180942_585627594925764_312096060_n.jpg,0
434,sunset_by_koko_stock-d5ls8sf.jpg,0
435,New-Natural-Waterfall-HD-Wallpaper-Collection-2013-For-PC-4.jpg,0
436,burning-hause-1535712.jpg,1
437,132-img1.png,1
438,amsterdam_canal_houses_at_night_by_busterbrownbb-d5g1z9c.jpg,0
439,20130611_100618_Black-Forest-Fire-engulfs-house.jpg,1
440,NBR_Santa_Monica_Mountains_no_headline_111212_kfr.jpg,0
441,eclectic-living-room.jpg,0
442,2e17fb5d-3f0a-4fa8-ba01-1101ce80d158.1.10.jpg,0
443,1578587.jpg,0
444,27F1075800000578-0-image-a-1_1429880815919.jpg,1
445,e389ecba7de8e3645ee346d3d19703b6.jpg,0
446,"Geirangerfjord, Norway 6-L.jpg",0
447,0bfdc7cd49e09851cc7063ffaf20bf3a.jpg,0
448,modern-living-room-with-TV-Neopolis.jpg,0
449,maxresdefaultvfv.jpg,0
450,wallpapers_1.jpg,0
451,day7_8.jpg,0
452,4551643-interior-of-the-modern-conference-hall.jpg,0
453,AspenSongBird.jpg,0
454,open-offices.jpg,0
455,darcy434_largeimage.jpg,0
456,image.jpg,0
457,437438_616553-20151008-sprinkler_D.jpg,1
458,xsylvia-hotel-queen-room.jpg.pagespeed.ic.hw9Tgtz7QM.jpg,0
459,board-room.jpg,0
460,burning-charcoal-briquettes.jpg,1
461,typical-office-layout.jpg,0
462,tumblr_inline_o6asxjqcCk1qgp297_500.jpg,0
463,article-urn publicid ap.org d8f7d3843cf1498b9ca96b1195c90427-3Y8qqBnFtobb1933fd918ac4b382-364_634x422.jpg,1
464,873860-winter-in-voss-norway.jpeg,0
465,maxresdefault568.jpg,1
466,norway-fjord-beautiful.jpg,0
467,living-room-european-appartment.jpg,0
468,Le-Meridien-Piccadilly--Classic-Room.jpg,0
469,four-rooms.jpg,0
470,X-Files_Office_on_fire.jpg,1
471,Dublin_shutterstock_111481523_800x.jpg,0
472,shopping_large.jpg,0
473,euro-standards_728_410_70_c1_t_l.jpg,0
474,014-taal-crater-lake_586DA81BD8A34008B4CFFA1B2E206AFF.jpg,0
475,nederland-wildfire.jpg,1
476,choosing-right-cctv-for-office.jpg,0
477,uncle-clay-s-house-of.jpg,0
478,Athens-International-Airport.jpg,0
479,doc_14_4.jpg,0
480,24551b883de1686d35e953d43312dedf.jpg,0
481,the-atlantic-norway.jpg,0
482,normal-room-with-private.jpg,0
483,virgo-esb-liberty-meeting-room-800.jpg,0
484,north-norway-1.jpg,0
485,40e922a594c05b55618a62ee6e6cd0c3.jpg,0
486,x14862823.jpg,0
487,The-growing-sector-of-automobiles-in-India.jpg,0
488,920x920.jpg,0
489,images.jpg,0
490,o-BRIGHT-LIGHTING-ROOM-LAMP-facebook.jpg,0
491,pic1.jpg,1
492,interior-design-living-room-unique-with-images-of-interior-design-exterior-in-ideas.jpg,0
493,slettnes-light-house-nordkyn-norway-2-1_a115bf39-6e5b-4619-8b91-d943b330fe1d.jpg,0
494,article-2561466-1BE9F3FA00000578-681_634x415.jpg,0
495,hqdefault.jpg,1
496,Barcode-Oslo-Norway-2-1_bd5d9b33-a6cf-4db3-b77d-ff8ca69f8edf.jpg,0
497,mda.jpg,0
498,1453758_orig.jpg,0
499,Bodoe_aug2010x17.jpg,0
500,366176-office.jpg,0
501,boardroom.jpg,0
502,Innfjorden-cruise-boat-romsdalsfjorden-rauma-norway-2-1_ecfd17ae-9a5b-4dce-aa53-05696299858c.jpg,0
503,Pangu-7-Star-Hotel-Beijing-Chambre-Executive.jpg,0
504,DT_meeting2_53_677x380_FitToBoxSmallDimension_Center.jpg,0
505,Don-Mueang-International-Airport.jpg,0
506,1172602861_9119803ed4.jpg,0
507,incendiu-acoperis.jpg,1
508,conference-room2.jpg,0
509,SOURCE-TappenFire-A12.png,1
510,house off lincoln road night.jpg,0
511,crystal-cave-8.jpg,0
512,041212_BIZ_Hook_Logic_MRM_03_display.jpg,0
513,mountains-Kirkjufe_3374110a-large.jpg,0
514,3344142642_c4d3bfa042_b.jpg,0
515,up5.jpg,0
516,IMG00256.jpg,1
517,92983122.jpg,1
518,1.jpg,1
519,deluxe-room-01.jpg,0
520,img_0465.jpg,0
521,christmas_tree_fire.jpg,1
